"VersionEffective","PartNumber","PROPERTY","ValuePrior","ValueCurrent","ChangeReason"
"2.81","LP113336-4","STATUS","ACTIVE","INACTIVE",""
"2.81","LP14854-1","STATUS","ACTIVE","INACTIVE",""
"2.81","LP175704-8","STATUS","ACTIVE","INACTIVE",""
"2.81","LP186120-4","STATUS","DEPRECATED","ACTIVE",""
"2.81","LP250704-6","STATUS","ACTIVE","INACTIVE",""
"2.81","LP285763-1","STATUS","ACTIVE","INACTIVE",""
"2.81","LP373821-0","STATUS","ACTIVE","DEPRECATED","Obsolete"
"2.81","LP379125-0","STATUS","ACTIVE","DEPRECATED","Obsolete"
"2.81","LP379852-9","STATUS","ACTIVE","DEPRECATED","Obsolete"
"2.81","LP38102-7","STATUS","ACTIVE","INACTIVE",""
"2.81","LP38122-5","STATUS","ACTIVE","INACTIVE",""
"2.81","LP400321-8","STATUS","ACTIVE","DEPRECATED","Obsolete"
"2.81","LP411595-4","STATUS","ACTIVE","INACTIVE",""
"2.81","LP418720-1","STATUS","ACTIVE","INACTIVE",""
"2.81","LP419073-4","STATUS","ACTIVE","INACTIVE",""
"2.81","LP419074-2","STATUS","ACTIVE","INACTIVE",""
"2.81","LP429823-0","STATUS","ACTIVE","INACTIVE",""
"2.81","LP432572-8","STATUS","ACTIVE","INACTIVE",""
"2.81","LP432573-6","STATUS","ACTIVE","INACTIVE",""
"2.81","LP432583-5","STATUS","ACTIVE","INACTIVE",""
"2.81","LP432588-4","STATUS","ACTIVE","INACTIVE",""
"2.81","LP432686-6","STATUS","ACTIVE","INACTIVE",""
"2.81","LP432687-4","STATUS","ACTIVE","INACTIVE",""
"2.81","LP435403-3","STATUS","ACTIVE","INACTIVE",""
"2.81","LP435553-5","STATUS","ACTIVE","INACTIVE",""
"2.81","LP436498-2","STATUS","ACTIVE","DEPRECATED",""
"2.81","LP438197-8","STATUS","ACTIVE","INACTIVE",""
"2.81","LP438252-1","STATUS","ACTIVE","INACTIVE",""
"2.81","LP440701-3","STATUS","ACTIVE","DEPRECATED","Obsolete"
"2.81","LP440719-5","STATUS","ACTIVE","DEPRECATED","Obsolete"
"2.81","LP440720-3","STATUS","ACTIVE","DEPRECATED","Obsolete"
"2.81","LP443566-7","STATUS","ACTIVE","INACTIVE",""
"2.81","LP443567-5","STATUS","ACTIVE","INACTIVE",""
"2.81","LP444405-7","STATUS","ACTIVE","INACTIVE",""
"2.81","LP444407-3","STATUS","ACTIVE","INACTIVE",""
"2.81","LP446139-0","STATUS","ACTIVE","DEPRECATED",""
"2.81","LP446201-8","STATUS","ACTIVE","DEPRECATED",""
"2.81","LP446206-7","STATUS","ACTIVE","DEPRECATED","Obsolete"
"2.81","LP6283-8","STATUS","ACTIVE","INACTIVE",""
"2.81","LP6313-3","STATUS","ACTIVE","INACTIVE",""
"2.81","LP63479-7","STATUS","ACTIVE","INACTIVE",""
"2.81","LP6491-7","STATUS","ACTIVE","INACTIVE",""
"2.81","LP6518-7","STATUS","ACTIVE","INACTIVE",""
"2.81","LP71561-2","STATUS","ACTIVE","INACTIVE",""
"2.81","LP74006-5","STATUS","DEPRECATED","ACTIVE",""
"2.81","LP95652-1","STATUS","ACTIVE","INACTIVE",""
